{
    "variants": {
        "facing=east,half=bottom,shape=straight":  [ { "model": "block/birch_stairs", "weight": 14 },
				{ "model": "block/birch_stairs1", "weight": 14 },
				{ "model": "block/birch_stairs2", "weight": 14 },
				{ "model": "block/birch_stairs0", "weight": 14 }
				],
        "facing=west,half=bottom,shape=straight":  [ { "model": "block/birch_stairs", "weight": 14, "y": 180, "uvlock": true },
				{ "model": "block/birch_stairs1", "weight": 14, "y": 180, "uvlock": true },
				{ "model": "block/birch_stairs2", "weight": 14, "y": 180, "uvlock": true },
				{ "model": "block/birch_stairs0", "weight": 14, "y": 180, "uvlock": true }
				],
        "facing=south,half=bottom,shape=straight": [ { "model": "block/birch_stairs", "weight": 14, "y": 90, "uvlock": true },
				{ "model": "block/birch_stairs1", "weight": 14, "y": 90, "uvlock": true },
				{ "model": "block/birch_stairs2", "weight": 14, "y": 90, "uvlock": true },
				{ "model": "block/birch_stairs0", "weight": 14, "y": 90, "uvlock": true }
				],
        "facing=north,half=bottom,shape=straight": [ { "model": "block/birch_stairs", "weight": 14, "y": 270, "uvlock": true },
				{ "model": "block/birch_stairs1", "weight": 14, "y": 270, "uvlock": true },
				{ "model": "block/birch_stairs2", "weight": 14, "y": 270, "uvlock": true },
				{ "model": "block/birch_stairs0", "weight": 14, "y": 270, "uvlock": true }
				],
        "facing=east,half=bottom,shape=outer_right":  [ { "model": "block/birch_stairs_outer", "weight": 14 },
				{ "model": "block/birch_stairs_outer1", "weight": 14 },
				{ "model": "block/birch_stairs_outer2", "weight": 14 },
				{ "model": "block/birch_stairs_outer0", "weight": 14 }
				],
        "facing=west,half=bottom,shape=outer_right":  [ { "model": "block/birch_stairs_outer", "weight": 14, "y": 180, "uvlock": true },
				{ "model": "block/birch_stairs_outer1", "weight": 14, "y": 180, "uvlock": true },
				{ "model": "block/birch_stairs_outer2", "weight": 14, "y": 180, "uvlock": true },
				{ "model": "block/birch_stairs_outer0", "weight": 14, "y": 180, "uvlock": true }
				],
        "facing=south,half=bottom,shape=outer_right": [ { "model": "block/birch_stairs_outer", "weight": 14, "y": 90, "uvlock": true },
				{ "model": "block/birch_stairs_outer1", "weight": 14, "y": 90, "uvlock": true },
				{ "model": "block/birch_stairs_outer2", "weight": 14, "y": 90, "uvlock": true },
				{ "model": "block/birch_stairs_outer0", "weight": 14, "y": 90, "uvlock": true }
				],
        "facing=north,half=bottom,shape=outer_right": [ { "model": "block/birch_stairs_outer", "weight": 14, "y": 270, "uvlock": true },
				{ "model": "block/birch_stairs_outer1", "weight": 14, "y": 270, "uvlock": true },
				{ "model": "block/birch_stairs_outer2", "weight": 14, "y": 270, "uvlock": true },
				{ "model": "block/birch_stairs_outer0", "weight": 14, "y": 270, "uvlock": true }
				],
        "facing=east,half=bottom,shape=outer_left":  [ { "model": "block/birch_stairs_outer", "weight": 14, "y": 270, "uvlock": true },
				{ "model": "block/birch_stairs_outer1", "weight": 14, "y": 270, "uvlock": true },
				{ "model": "block/birch_stairs_outer2", "weight": 14, "y": 270, "uvlock": true },
				{ "model": "block/birch_stairs_outer0", "weight": 14, "y": 270, "uvlock": true }
				],
        "facing=west,half=bottom,shape=outer_left":  [ { "model": "block/birch_stairs_outer", "weight": 14, "y": 90, "uvlock": true },
				{ "model": "block/birch_stairs_outer1", "weight": 14, "y": 90, "uvlock": true },
				{ "model": "block/birch_stairs_outer2", "weight": 14, "y": 90, "uvlock": true },
				{ "model": "block/birch_stairs_outer0", "weight": 14, "y": 90, "uvlock": true }
				],
        "facing=south,half=bottom,shape=outer_left": [ { "model": "block/birch_stairs_outer", "weight": 14 },
				{ "model": "block/birch_stairs_outer1", "weight": 14 },
				{ "model": "block/birch_stairs_outer2", "weight": 14 },
				{ "model": "block/birch_stairs_outer0", "weight": 14 }
				],
        "facing=north,half=bottom,shape=outer_left": [ { "model": "block/birch_stairs_outer", "weight": 14, "y": 180, "uvlock": true },
				{ "model": "block/birch_stairs_outer1", "weight": 14, "y": 180, "uvlock": true },
				{ "model": "block/birch_stairs_outer2", "weight": 14, "y": 180, "uvlock": true },
				{ "model": "block/birch_stairs_outer0", "weight": 14, "y": 180, "uvlock": true }
				],
        "facing=east,half=bottom,shape=inner_right":  [ { "model": "block/birch_stairs_inner", "weight": 14 },
				{ "model": "block/birch_stairs_inner1", "weight": 14 },
				{ "model": "block/birch_stairs_inner2", "weight": 14 },
				{ "model": "block/birch_stairs_inner0", "weight": 14 }
				],
        "facing=west,half=bottom,shape=inner_right":  [ { "model": "block/birch_stairs_inner", "weight": 14, "y": 180, "uvlock": true },
				{ "model": "block/birch_stairs_inner1", "weight": 14, "y": 180, "uvlock": true },
				{ "model": "block/birch_stairs_inner2", "weight": 14, "y": 180, "uvlock": true },
				{ "model": "block/birch_stairs_inner0", "weight": 14, "y": 180, "uvlock": true }
				],
        "facing=south,half=bottom,shape=inner_right": [ { "model": "block/birch_stairs_inner", "weight": 14, "y": 90, "uvlock": true },
				{ "model": "block/birch_stairs_inner1", "weight": 14, "y": 90, "uvlock": true },
				{ "model": "block/birch_stairs_inner2", "weight": 14, "y": 90, "uvlock": true },
				{ "model": "block/birch_stairs_inner0", "weight": 14, "y": 90, "uvlock": true }
				],
        "facing=north,half=bottom,shape=inner_right": [ { "model": "block/birch_stairs_inner", "weight": 14, "y": 270, "uvlock": true },
				{ "model": "block/birch_stairs_inner1", "weight": 14, "y": 270, "uvlock": true },
				{ "model": "block/birch_stairs_inner2", "weight": 14, "y": 270, "uvlock": true },
				{ "model": "block/birch_stairs_inner0", "weight": 14, "y": 270, "uvlock": true }
				],
        "facing=east,half=bottom,shape=inner_left":  [ { "model": "block/birch_stairs_inner", "weight": 14, "y": 270, "uvlock": true },
				{ "model": "block/birch_stairs_inner1", "weight": 14, "y": 270, "uvlock": true },
				{ "model": "block/birch_stairs_inner2", "weight": 14, "y": 270, "uvlock": true },
				{ "model": "block/birch_stairs_inner0", "weight": 14, "y": 270, "uvlock": true }
				],
        "facing=west,half=bottom,shape=inner_left":  [ { "model": "block/birch_stairs_inner", "weight": 14, "y": 90, "uvlock": true },
				{ "model": "block/birch_stairs_inner1", "weight": 14, "y": 90, "uvlock": true },
				{ "model": "block/birch_stairs_inner2", "weight": 14, "y": 90, "uvlock": true },
				{ "model": "block/birch_stairs_inner0", "weight": 14, "y": 90, "uvlock": true }
				],
        "facing=south,half=bottom,shape=inner_left": [ { "model": "block/birch_stairs_inner", "weight": 14 },
				{ "model": "block/birch_stairs_inner1", "weight": 14 },
				{ "model": "block/birch_stairs_inner2", "weight": 14 },
				{ "model": "block/birch_stairs_inner0", "weight": 14 }
				],
        "facing=north,half=bottom,shape=inner_left": [ { "model": "block/birch_stairs_inner", "weight": 14, "y": 180, "uvlock": true },
				{ "model": "block/birch_stairs_inner1", "weight": 14, "y": 180, "uvlock": true },
				{ "model": "block/birch_stairs_inner2", "weight": 14, "y": 180, "uvlock": true },
				{ "model": "block/birch_stairs_inner0", "weight": 14, "y": 180, "uvlock": true }
				],
        "facing=east,half=top,shape=straight":  [ { "model": "block/birch_stairs", "weight": 14, "x": 180, "uvlock": true },
				{ "model": "block/birch_stairs1", "weight": 14, "x": 180, "uvlock": true },
				{ "model": "block/birch_stairs2", "weight": 14, "x": 180, "uvlock": true },
				{ "model": "block/birch_stairs0", "weight": 14, "x": 180, "uvlock": true }
				],
        "facing=west,half=top,shape=straight":  [ { "model": "block/birch_stairs", "weight": 14,  "x": 180, "y": 180, "uvlock": true },
				{ "model": "block/birch_stairs1", "weight": 14,  "x": 180, "y": 180, "uvlock": true },
				{ "model": "block/birch_stairs2", "weight": 14,  "x": 180, "y": 180, "uvlock": true },
				{ "model": "block/birch_stairs0", "weight": 14,  "x": 180, "y": 180, "uvlock": true }
				],
        "facing=south,half=top,shape=straight": [ { "model": "block/birch_stairs", "weight": 14,  "x": 180, "y": 90, "uvlock": true },
				{ "model": "block/birch_stairs1", "weight": 14,  "x": 180, "y": 90, "uvlock": true },
				{ "model": "block/birch_stairs2", "weight": 14,  "x": 180, "y": 90, "uvlock": true },
				{ "model": "block/birch_stairs0", "weight": 14,  "x": 180, "y": 90, "uvlock": true }
				],
        "facing=north,half=top,shape=straight": [ { "model": "block/birch_stairs", "weight": 14,  "x": 180, "y": 270, "uvlock": true },
				{ "model": "block/birch_stairs1", "weight": 14,  "x": 180, "y": 270, "uvlock": true },
				{ "model": "block/birch_stairs2", "weight": 14,  "x": 180, "y": 270, "uvlock": true },
				{ "model": "block/birch_stairs0", "weight": 14,  "x": 180, "y": 270, "uvlock": true }
				],
        "facing=east,half=top,shape=outer_right":  [ { "model": "block/birch_stairs_outer", "weight": 14,  "x": 180, "y": 90, "uvlock": true },
				{ "model": "block/birch_stairs_outer1", "weight": 14,  "x": 180, "y": 90, "uvlock": true },
				{ "model": "block/birch_stairs_outer2", "weight": 14,  "x": 180, "y": 90, "uvlock": true },
				{ "model": "block/birch_stairs_outer0", "weight": 14,  "x": 180, "y": 90, "uvlock": true }
				],
        "facing=west,half=top,shape=outer_right":  [ { "model": "block/birch_stairs_outer", "weight": 14,  "x": 180, "y": 270, "uvlock": true },
				{ "model": "block/birch_stairs_outer1", "weight": 14,  "x": 180, "y": 270, "uvlock": true },
				{ "model": "block/birch_stairs_outer2", "weight": 14,  "x": 180, "y": 270, "uvlock": true },
				{ "model": "block/birch_stairs_outer0", "weight": 14,  "x": 180, "y": 270, "uvlock": true }
				],
        "facing=south,half=top,shape=outer_right": [ { "model": "block/birch_stairs_outer", "weight": 14,  "x": 180, "y": 180, "uvlock": true },
				{ "model": "block/birch_stairs_outer1", "weight": 14,  "x": 180, "y": 180, "uvlock": true },
				{ "model": "block/birch_stairs_outer2", "weight": 14,  "x": 180, "y": 180, "uvlock": true },
				{ "model": "block/birch_stairs_outer0", "weight": 14,  "x": 180, "y": 180, "uvlock": true }
				],
        "facing=north,half=top,shape=outer_right": [ { "model": "block/birch_stairs_outer", "weight": 14,  "x": 180, "uvlock": true },
				{ "model": "block/birch_stairs_outer1", "weight": 14,  "x": 180, "uvlock": true },
				{ "model": "block/birch_stairs_outer2", "weight": 14,  "x": 180, "uvlock": true },
				{ "model": "block/birch_stairs_outer0", "weight": 14,  "x": 180, "uvlock": true }
				],
        "facing=east,half=top,shape=outer_left":  [ { "model": "block/birch_stairs_outer", "weight": 14,  "x": 180, "uvlock": true },
				{ "model": "block/birch_stairs_outer1", "weight": 14,  "x": 180, "uvlock": true },
				{ "model": "block/birch_stairs_outer2", "weight": 14,  "x": 180, "uvlock": true },
				{ "model": "block/birch_stairs_outer0", "weight": 14,  "x": 180, "uvlock": true }
				],
        "facing=west,half=top,shape=outer_left":  [ { "model": "block/birch_stairs_outer", "weight": 14,  "x": 180, "y": 180, "uvlock": true },
				{ "model": "block/birch_stairs_outer1", "weight": 14,  "x": 180, "y": 180, "uvlock": true },
				{ "model": "block/birch_stairs_outer2", "weight": 14,  "x": 180, "y": 180, "uvlock": true },
				{ "model": "block/birch_stairs_outer0", "weight": 14,  "x": 180, "y": 180, "uvlock": true }
				],
        "facing=south,half=top,shape=outer_left": [ { "model": "block/birch_stairs_outer", "weight": 14,  "x": 180, "y": 90, "uvlock": true },
				{ "model": "block/birch_stairs_outer1", "weight": 14,  "x": 180, "y": 90, "uvlock": true },
				{ "model": "block/birch_stairs_outer2", "weight": 14,  "x": 180, "y": 90, "uvlock": true },
				{ "model": "block/birch_stairs_outer0", "weight": 14,  "x": 180, "y": 90, "uvlock": true }
				],
        "facing=north,half=top,shape=outer_left": [ { "model": "block/birch_stairs_outer", "weight": 14,  "x": 180, "y": 270, "uvlock": true },
				{ "model": "block/birch_stairs_outer1", "weight": 14,  "x": 180, "y": 270, "uvlock": true },
				{ "model": "block/birch_stairs_outer2", "weight": 14,  "x": 180, "y": 270, "uvlock": true },
				{ "model": "block/birch_stairs_outer0", "weight": 14,  "x": 180, "y": 270, "uvlock": true }
				],
        "facing=east,half=top,shape=inner_right":  [ { "model": "block/birch_stairs_inner", "weight": 14,  "x": 180, "y": 90, "uvlock": true },
				{ "model": "block/birch_stairs_inner1", "weight": 14,  "x": 180, "y": 90, "uvlock": true },
				{ "model": "block/birch_stairs_inner2", "weight": 14,  "x": 180, "y": 90, "uvlock": true },
				{ "model": "block/birch_stairs_inner0", "weight": 14,  "x": 180, "y": 90, "uvlock": true }
				],
        "facing=west,half=top,shape=inner_right":  [ { "model": "block/birch_stairs_inner", "weight": 14,  "x": 180, "y": 270, "uvlock": true },
				{ "model": "block/birch_stairs_inner1", "weight": 14,  "x": 180, "y": 270, "uvlock": true },
				{ "model": "block/birch_stairs_inner2", "weight": 14,  "x": 180, "y": 270, "uvlock": true },
				{ "model": "block/birch_stairs_inner0", "weight": 14,  "x": 180, "y": 270, "uvlock": true }
				],
        "facing=south,half=top,shape=inner_right": [ { "model": "block/birch_stairs_inner", "weight": 14,  "x": 180, "y": 180, "uvlock": true },
				{ "model": "block/birch_stairs_inner1", "weight": 14,  "x": 180, "y": 180, "uvlock": true },
				{ "model": "block/birch_stairs_inner2", "weight": 14,  "x": 180, "y": 180, "uvlock": true },
				{ "model": "block/birch_stairs_inner0", "weight": 14,  "x": 180, "y": 180, "uvlock": true }
				],
        "facing=north,half=top,shape=inner_right": [ { "model": "block/birch_stairs_inner", "weight": 14,  "x": 180, "uvlock": true },
				{ "model": "block/birch_stairs_inner1", "weight": 14,  "x": 180, "uvlock": true },
				{ "model": "block/birch_stairs_inner2", "weight": 14,  "x": 180, "uvlock": true },
				{ "model": "block/birch_stairs_inner0", "weight": 14,  "x": 180, "uvlock": true }
				],
        "facing=east,half=top,shape=inner_left":  [ { "model": "block/birch_stairs_inner", "weight": 14,  "x": 180, "uvlock": true },
				{ "model": "block/birch_stairs_inner1", "weight": 14,  "x": 180, "uvlock": true },
				{ "model": "block/birch_stairs_inner2", "weight": 14,  "x": 180, "uvlock": true },
				{ "model": "block/birch_stairs_inner0", "weight": 14,  "x": 180, "uvlock": true }
				],
        "facing=west,half=top,shape=inner_left":  [ { "model": "block/birch_stairs_inner", "weight": 14,  "x": 180, "y": 180, "uvlock": true },
				{ "model": "block/birch_stairs_inner1", "weight": 14,  "x": 180, "y": 180, "uvlock": true },
				{ "model": "block/birch_stairs_inner2", "weight": 14,  "x": 180, "y": 180, "uvlock": true },
				{ "model": "block/birch_stairs_inner0", "weight": 14,  "x": 180, "y": 180, "uvlock": true }
				],
        "facing=south,half=top,shape=inner_left": [ { "model": "block/birch_stairs_inner", "weight": 14,  "x": 180, "y": 90, "uvlock": true },
				{ "model": "block/birch_stairs_inner1", "weight": 14,  "x": 180, "y": 90, "uvlock": true },
				{ "model": "block/birch_stairs_inner2", "weight": 14,  "x": 180, "y": 90, "uvlock": true },
				{ "model": "block/birch_stairs_inner0", "weight": 14,  "x": 180, "y": 90, "uvlock": true }
				],
        "facing=north,half=top,shape=inner_left": [ { "model": "block/birch_stairs_inner", "weight": 14,  "x": 180, "y": 270, "uvlock": true },
				{ "model": "block/birch_stairs_inner1", "weight": 14,  "x": 180, "y": 270, "uvlock": true },
				{ "model": "block/birch_stairs_inner2", "weight": 14,  "x": 180, "y": 270, "uvlock": true },
				{ "model": "block/birch_stairs_inner0", "weight": 14,  "x": 180, "y": 270, "uvlock": true }
				]
    }
}
{
    "variants": {
        "facing=east,half=bottom,shape=straight":  { "model": "block/birch_stairs" },
        "facing=west,half=bottom,shape=straight":  { "model": "block/birch_stairs", "y": 180, "uvlock": true },
        "facing=south,half=bottom,shape=straight": { "model": "block/birch_stairs", "y": 90, "uvlock": true },
        "facing=north,half=bottom,shape=straight": { "model": "block/birch_stairs", "y": 270, "uvlock": true },
        "facing=east,half=bottom,shape=outer_right":  { "model": "block/birch_stairs_outer" },
        "facing=west,half=bottom,shape=outer_right":  { "model": "block/birch_stairs_outer", "y": 180, "uvlock": true },
        "facing=south,half=bottom,shape=outer_right": { "model": "block/birch_stairs_outer", "y": 90, "uvlock": true },
        "facing=north,half=bottom,shape=outer_right": { "model": "block/birch_stairs_outer", "y": 270, "uvlock": true },
        "facing=east,half=bottom,shape=outer_left":  { "model": "block/birch_stairs_outer", "y": 270, "uvlock": true },
        "facing=west,half=bottom,shape=outer_left":  { "model": "block/birch_stairs_outer", "y": 90, "uvlock": true },
        "facing=south,half=bottom,shape=outer_left": { "model": "block/birch_stairs_outer" },
        "facing=north,half=bottom,shape=outer_left": { "model": "block/birch_stairs_outer", "y": 180, "uvlock": true },
        "facing=east,half=bottom,shape=inner_right":  { "model": "block/birch_stairs_inner" },
        "facing=west,half=bottom,shape=inner_right":  { "model": "block/birch_stairs_inner", "y": 180, "uvlock": true },
        "facing=south,half=bottom,shape=inner_right": { "model": "block/birch_stairs_inner", "y": 90, "uvlock": true },
        "facing=north,half=bottom,shape=inner_right": { "model": "block/birch_stairs_inner", "y": 270, "uvlock": true },
        "facing=east,half=bottom,shape=inner_left":  { "model": "block/birch_stairs_inner", "y": 270, "uvlock": true },
        "facing=west,half=bottom,shape=inner_left":  { "model": "block/birch_stairs_inner", "y": 90, "uvlock": true },
        "facing=south,half=bottom,shape=inner_left": { "model": "block/birch_stairs_inner" },
        "facing=north,half=bottom,shape=inner_left": { "model": "block/birch_stairs_inner", "y": 180, "uvlock": true },
        "facing=east,half=top,shape=straight":  { "model": "block/birch_stairs", "x": 180, "uvlock": true },
        "facing=west,half=top,shape=straight":  { "model": "block/birch_stairs", "x": 180, "y": 180, "uvlock": true },
        "facing=south,half=top,shape=straight": { "model": "block/birch_stairs", "x": 180, "y": 90, "uvlock": true },
        "facing=north,half=top,shape=straight": { "model": "block/birch_stairs", "x": 180, "y": 270, "uvlock": true },
        "facing=east,half=top,shape=outer_right":  { "model": "block/birch_stairs_outer", "x": 180, "y": 90, "uvlock": true },
        "facing=west,half=top,shape=outer_right":  { "model": "block/birch_stairs_outer", "x": 180, "y": 270, "uvlock": true },
        "facing=south,half=top,shape=outer_right": { "model": "block/birch_stairs_outer", "x": 180, "y": 180, "uvlock": true },
        "facing=north,half=top,shape=outer_right": { "model": "block/birch_stairs_outer", "x": 180, "uvlock": true },
        "facing=east,half=top,shape=outer_left":  { "model": "block/birch_stairs_outer", "x": 180, "uvlock": true },
        "facing=west,half=top,shape=outer_left":  { "model": "block/birch_stairs_outer", "x": 180, "y": 180, "uvlock": true },
        "facing=south,half=top,shape=outer_left": { "model": "block/birch_stairs_outer", "x": 180, "y": 90, "uvlock": true },
        "facing=north,half=top,shape=outer_left": { "model": "block/birch_stairs_outer", "x": 180, "y": 270, "uvlock": true },
        "facing=east,half=top,shape=inner_right":  { "model": "block/birch_stairs_inner", "x": 180, "y": 90, "uvlock": true },
        "facing=west,half=top,shape=inner_right":  { "model": "block/birch_stairs_inner", "x": 180, "y": 270, "uvlock": true },
        "facing=south,half=top,shape=inner_right": { "model": "block/birch_stairs_inner", "x": 180, "y": 180, "uvlock": true },
        "facing=north,half=top,shape=inner_right": { "model": "block/birch_stairs_inner", "x": 180, "uvlock": true },
        "facing=east,half=top,shape=inner_left":  { "model": "block/birch_stairs_inner", "x": 180, "uvlock": true },
        "facing=west,half=top,shape=inner_left":  { "model": "block/birch_stairs_inner", "x": 180, "y": 180, "uvlock": true },
        "facing=south,half=top,shape=inner_left": { "model": "block/birch_stairs_inner", "x": 180, "y": 90, "uvlock": true },
        "facing=north,half=top,shape=inner_left": { "model": "block/birch_stairs_inner", "x": 180, "y": 270, "uvlock": true }
    }
}
