{
    "variants": {
        "": [
        { "model": "block/stone_bricks", "weight": 21 },
		{ "model": "block/stone_bricks1", "weight": 20 },
		{ "model": "block/stone_bricks2", "weight": 20 },
		{ "model": "block/stone_bricks3", "weight": 15 },
		{ "model": "block/stone_bricks4", "weight": 10 },
		{ "model": "block/stone_bricks5", "weight": 3 },
		{ "model": "block/stone_bricks6", "weight": 2 },
		{ "model": "block/stone_bricks7", "weight": 2 },
		{ "model": "block/stone_bricks8", "weight": 2 }
        ]
    }
}